{"theta": [0, 3.141592653589793], "phi": [-3.141592653589793, 3.141592653589793], "Dpar": [0.1, 3], "Diso": [0.1, 3], "stickfrac": [0.01, 0.99], "ballfrac": [0.01, 0.99]}