{"theta": [0, 3.141592653589793], "phi": [-3.141592653589793, 3.141592653589793], "odi": [0.02, 0.99], "watsonstickfrac": [0.01, 0.99], "ballfrac": [0.01, 0.99]}