{"theta": [0, 3.141592653589793], "phi": [-3.141592653589793, 3.141592653589793], "Dpar": [0.1, 3]}